"Province","District","Village","group","count"
"Eastern Province","KAYONZA","Gisenga","HH",651
"Eastern Province","KAYONZA","Gisenga","population",4253
"Eastern Province","KAYONZA","Juru","HH",1793
"Eastern Province","KAYONZA","Juru","population",7937
"Eastern Province","KAYONZA","Kamudongo","HH",827
"Eastern Province","KAYONZA","Kamudongo","population",4772
"Eastern Province","KAYONZA","Kimana","HH",708
"Eastern Province","KAYONZA","Kimana","population",4537
"Eastern Province","KAYONZA","Kwisoko","HH",1414
"Eastern Province","KAYONZA","Kwisoko","population",5905
"Eastern Province","KAYONZA","Mikinga","HH",1111
"Eastern Province","KAYONZA","Mikinga","population",2269
"Eastern Province","KAYONZA","Miyaga","HH",1178
"Eastern Province","KAYONZA","Miyaga","population",6483
"Eastern Province","KAYONZA","Musimbi","HH",548
"Eastern Province","KAYONZA","Musimbi","population",3407
"Eastern Province","KAYONZA","Nyabombe","HH",579
"Eastern Province","KAYONZA","Nyabombe","population",3298
"Eastern Province","KAYONZA","Nyabugogo","HH",733
"Eastern Province","KAYONZA","Nyabugogo","population",3643
"Eastern Province","KAYONZA","Nyakabungo","HH",903
"Eastern Province","KAYONZA","Nyakabungo","population",5220
"Eastern Province","KAYONZA","Rubariro","HH",1254
"Eastern Province","KAYONZA","Rubariro","population",3371
"Eastern Province","KAYONZA","Akabare","HH",1192
"Eastern Province","KAYONZA","Akabare","population",5662
"Eastern Province","KAYONZA","Nyamiyaga","HH",1961
"Eastern Province","KAYONZA","Nyamiyaga","population",11302
"Eastern Province","KAYONZA","Rukore","HH",1263
"Eastern Province","KAYONZA","Rukore","population",7893
"Eastern Province","KAYONZA","Tsima","HH",3008
"Eastern Province","KAYONZA","Tsima","population",11362
"Eastern Province","KAYONZA","Uruhuha","HH",1648
"Eastern Province","KAYONZA","Uruhuha","population",5664
"Eastern Province","KAYONZA","Kabuye","HH",1584
"Eastern Province","KAYONZA","Kabuye","population",10662
"Eastern Province","KAYONZA","Kinyinya","HH",1121
"Eastern Province","KAYONZA","Kinyinya","population",7744
"Eastern Province","KAYONZA","Kiyenzi","HH",1081
"Eastern Province","KAYONZA","Kiyenzi","population",2376
"Eastern Province","KAYONZA","Nyagahandagaza","HH",1431
"Eastern Province","KAYONZA","Nyagahandagaza","population",2976
"Eastern Province","KAYONZA","Nyirampaca","HH",1443
"Eastern Province","KAYONZA","Nyirampaca","population",7786
"Eastern Province","KAYONZA","Akabahizi","HH",1235
"Eastern Province","KAYONZA","Akabahizi","population",4470
"Eastern Province","KAYONZA","Akabeza","HH",823
"Eastern Province","KAYONZA","Akabeza","population",3097
"Eastern Province","KAYONZA","Akamuyenzi","HH",790
"Eastern Province","KAYONZA","Akamuyenzi","population",4811
"Eastern Province","KAYONZA","Akimpara","HH",986
"Eastern Province","KAYONZA","Akimpara","population",6476
"Eastern Province","KAYONZA","Buyanja","HH",1439
"Eastern Province","KAYONZA","Buyanja","population",8411
"Eastern Province","KAYONZA","Ibiza","HH",995
"Eastern Province","KAYONZA","Ibiza","population",6411
"Eastern Province","KAYONZA","Myatano","HH",1101
"Eastern Province","KAYONZA","Myatano","population",2891
"Eastern Province","KAYONZA","Nyagitabire","HH",663
"Eastern Province","KAYONZA","Nyagitabire","population",3358
"Eastern Province","KAYONZA","Rwinkuba","HH",970
"Eastern Province","KAYONZA","Rwinkuba","population",2814
"Eastern Province","KAYONZA","Umwiga","HH",998
"Eastern Province","KAYONZA","Umwiga","population",2220
"Eastern Province","KAYONZA","Urugarama","HH",821
"Eastern Province","KAYONZA","Urugarama","population",1786
"Eastern Province","KAYONZA","Videwo","HH",1267
"Eastern Province","KAYONZA","Videwo","population",6810
"Eastern Province","KAYONZA","Kabeza","HH",1394
"Eastern Province","KAYONZA","Kabeza","population",3637
"Eastern Province","KAYONZA","Kacyiru","HH",931
"Eastern Province","KAYONZA","Kacyiru","population",5676
"Eastern Province","KAYONZA","Kanyetonga","HH",911
"Eastern Province","KAYONZA","Kanyetonga","population",5363
"Eastern Province","KAYONZA","Kibimba","HH",678
"Eastern Province","KAYONZA","Kibimba","population",1924
"Eastern Province","KAYONZA","Kiburara","HH",1394
"Eastern Province","KAYONZA","Kiburara","population",6736
"Eastern Province","KAYONZA","Mahumbezi","HH",712
"Eastern Province","KAYONZA","Mahumbezi","population",3023
"Eastern Province","KAYONZA","Nyagakonji","HH",481
"Eastern Province","KAYONZA","Nyagakonji","population",997
"Eastern Province","KAYONZA","Rukagati","HH",525
"Eastern Province","KAYONZA","Rukagati","population",2583
"Eastern Province","KAYONZA","Rwabarema","HH",813
"Eastern Province","KAYONZA","Rwabarema","population",4902
"Eastern Province","KAYONZA","Rwakavuna","HH",1026
"Eastern Province","KAYONZA","Rwakavuna","population",5471
"Eastern Province","KAYONZA","Umunini","HH",606
"Eastern Province","KAYONZA","Umunini","population",1288
"Eastern Province","KAYONZA","Umuremampango","HH",947
"Eastern Province","KAYONZA","Umuremampango","population",5710
"Eastern Province","KAYONZA","Umuyenzi","HH",1252
"Eastern Province","KAYONZA","Umuyenzi","population",5522
"Eastern Province","KAYONZA","Gahombya","HH",533
"Eastern Province","KAYONZA","Gahombya","population",1184
"Eastern Province","KAYONZA","Kagumiro","HH",488
"Eastern Province","KAYONZA","Kagumiro","population",1120
"Eastern Province","KAYONZA","Kajevuba","HH",862
"Eastern Province","KAYONZA","Kajevuba","population",5963
"Eastern Province","KAYONZA","Kazeneza","HH",537
"Eastern Province","KAYONZA","Kazeneza","population",1624
"Eastern Province","KAYONZA","Mubuga","HH",926
"Eastern Province","KAYONZA","Mubuga","population",4425
"Eastern Province","KAYONZA","Rugunga","HH",1548
"Eastern Province","KAYONZA","Rugunga","population",4671
"Eastern Province","KAYONZA","Duterimbere","HH",1120
"Eastern Province","KAYONZA","Duterimbere","population",3582
"Eastern Province","KAYONZA","Gahama","HH",784
"Eastern Province","KAYONZA","Gahama","population",2621
"Eastern Province","KAYONZA","Gikombe","HH",571
"Eastern Province","KAYONZA","Gikombe","population",1459
"Eastern Province","KAYONZA","Kabatinya","HH",695
"Eastern Province","KAYONZA","Kabatinya","population",1626
"Eastern Province","KAYONZA","Kabuhome","HH",864
"Eastern Province","KAYONZA","Kabuhome","population",3257
"Eastern Province","KAYONZA","Kanyirabuki","HH",941
"Eastern Province","KAYONZA","Kanyirabuki","population",5970
"Eastern Province","KAYONZA","Matahiro","HH",1106
"Eastern Province","KAYONZA","Matahiro","population",3673
"Eastern Province","KAYONZA","Nyabiyenzi","HH",718
"Eastern Province","KAYONZA","Nyabiyenzi","population",3589
"Eastern Province","KAYONZA","Rompuwe","HH",790
"Eastern Province","KAYONZA","Rompuwe","population",3270
"Eastern Province","KAYONZA","Rushenyi","HH",1304
"Eastern Province","KAYONZA","Rushenyi","population",3119
"Eastern Province","KAYONZA","Rwagatera","HH",982
"Eastern Province","KAYONZA","Rwagatera","population",3700
"Eastern Province","KAYONZA","Bara","HH",1442
"Eastern Province","KAYONZA","Bara","population",5681
"Eastern Province","KAYONZA","Buhabwa","HH",538
"Eastern Province","KAYONZA","Buhabwa","population",1744
"Eastern Province","KAYONZA","Kabarungu","HH",855
"Eastern Province","KAYONZA","Kabarungu","population",5018
"Eastern Province","KAYONZA","Kamuhabura","HH",1043
"Eastern Province","KAYONZA","Kamuhabura","population",6096
"Eastern Province","KAYONZA","Nyarusange","HH",493
"Eastern Province","KAYONZA","Nyarusange","population",1466
"Eastern Province","KAYONZA","Rwamushoma","HH",760
"Eastern Province","KAYONZA","Rwamushoma","population",3618
"Eastern Province","KAYONZA","Bwatampama","HH",1128
"Eastern Province","KAYONZA","Bwatampama","population",6059
"Eastern Province","KAYONZA","Gakenyeri","HH",880
"Eastern Province","KAYONZA","Gakenyeri","population",3491
"Eastern Province","KAYONZA","Gakoma","HH",656
"Eastern Province","KAYONZA","Gakoma","population",2874
"Eastern Province","KAYONZA","Gishyoza","HH",975
"Eastern Province","KAYONZA","Gishyoza","population",5327
"Eastern Province","KAYONZA","Kibuye","HH",1419
"Eastern Province","KAYONZA","Kibuye","population",4484
"Eastern Province","KAYONZA","Ntungamo","HH",949
"Eastern Province","KAYONZA","Ntungamo","population",5060
"Eastern Province","KAYONZA","Busindu","HH",1215
"Eastern Province","KAYONZA","Busindu","population",7176
"Eastern Province","KAYONZA","Cyabajwa","HH",767
"Eastern Province","KAYONZA","Cyabajwa","population",1702
"Eastern Province","KAYONZA","Kabarondo","HH",1603
"Eastern Province","KAYONZA","Kabarondo","population",10946
"Eastern Province","KAYONZA","Murenge","HH",1144
"Eastern Province","KAYONZA","Murenge","population",4624
"Eastern Province","KAYONZA","Nkuba I","HH",739
"Eastern Province","KAYONZA","Nkuba I","population",3075
"Eastern Province","KAYONZA","Nkuba Ii","HH",564
"Eastern Province","KAYONZA","Nkuba Ii","population",2111
"Eastern Province","KAYONZA","Rugwagwa","HH",1094
"Eastern Province","KAYONZA","Rugwagwa","population",3628
"Eastern Province","KAYONZA","Rutagara","HH",1312
"Eastern Province","KAYONZA","Rutagara","population",4792
"Eastern Province","KAYONZA","Agashikiri","HH",829
"Eastern Province","KAYONZA","Agashikiri","population",4387
"Eastern Province","KAYONZA","Akinyenyeri","HH",770
"Eastern Province","KAYONZA","Akinyenyeri","population",2041
"Eastern Province","KAYONZA","Bitoma","HH",1372
"Eastern Province","KAYONZA","Bitoma","population",4176
"Eastern Province","KAYONZA","Cyinzovu","HH",963
"Eastern Province","KAYONZA","Cyinzovu","population",6318
"Eastern Province","KAYONZA","Gihuke","HH",644
"Eastern Province","KAYONZA","Gihuke","population",3719
"Eastern Province","KAYONZA","Munini","HH",1669
"Eastern Province","KAYONZA","Munini","population",5007
"Eastern Province","KAYONZA","Nyabisenga","HH",561
"Eastern Province","KAYONZA","Nyabisenga","population",3893
"Eastern Province","KAYONZA","Rugarama","HH",380
"Eastern Province","KAYONZA","Rugarama","population",2385
"Eastern Province","KAYONZA","Rugazi","HH",807
"Eastern Province","KAYONZA","Rugazi","population",4704
"Eastern Province","KAYONZA","Rurenge","HH",1026
"Eastern Province","KAYONZA","Rurenge","population",5159
"Eastern Province","KAYONZA","Rwakigeri","HH",1290
"Eastern Province","KAYONZA","Rwakigeri","population",6397
"Eastern Province","KAYONZA","Agasharu","HH",660
"Eastern Province","KAYONZA","Agasharu","population",4600
"Eastern Province","KAYONZA","Agatare","HH",948
"Eastern Province","KAYONZA","Agatare","population",6134
"Eastern Province","KAYONZA","Akagarama","HH",761
"Eastern Province","KAYONZA","Akagarama","population",2720
"Eastern Province","KAYONZA","Gashonyi","HH",508
"Eastern Province","KAYONZA","Gashonyi","population",2088
"Eastern Province","KAYONZA","Gisoro","HH",987
"Eastern Province","KAYONZA","Gisoro","population",6847
"Eastern Province","KAYONZA","Kanyegenyege","HH",1038
"Eastern Province","KAYONZA","Kanyegenyege","population",4154
"Eastern Province","KAYONZA","Murambi","HH",547
"Eastern Province","KAYONZA","Murambi","population",2077
"Eastern Province","KAYONZA","Nyabikenke I","HH",483
"Eastern Province","KAYONZA","Nyabikenke I","population",1649
"Eastern Province","KAYONZA","Nyabikenke Ii","HH",788
"Eastern Province","KAYONZA","Nyabikenke Ii","population",4976
"Eastern Province","KAYONZA","Rubira","HH",647
"Eastern Province","KAYONZA","Rubira","population",2105
"Eastern Province","KAYONZA","Butobagire","HH",718
"Eastern Province","KAYONZA","Butobagire","population",4039
"Eastern Province","KAYONZA","Rurama","HH",952
"Eastern Province","KAYONZA","Rurama","population",3799
"Eastern Province","KAYONZA","Rusera","HH",1120
"Eastern Province","KAYONZA","Rusera","population",3560
"Eastern Province","KAYONZA","Rutagara Centre","HH",817
"Eastern Province","KAYONZA","Rutagara Centre","population",1807
"Eastern Province","KAYONZA","Umucyo","HH",941
"Eastern Province","KAYONZA","Umucyo","population",3954
"Eastern Province","KAYONZA","Abemeye Amahoro","HH",823
"Eastern Province","KAYONZA","Abemeye Amahoro","population",1646
"Eastern Province","KAYONZA","Abisunganye","HH",1193
"Eastern Province","KAYONZA","Abisunganye","population",2487
"Eastern Province","KAYONZA","Amizero","HH",753
"Eastern Province","KAYONZA","Amizero","population",2012
"Eastern Province","KAYONZA","Karambarara","HH",921
"Eastern Province","KAYONZA","Karambarara","population",3590
"Eastern Province","KAYONZA","Kinyemera","HH",905
"Eastern Province","KAYONZA","Kinyemera","population",4262
"Eastern Province","KAYONZA","Akabuga","HH",672
"Eastern Province","KAYONZA","Akabuga","population",1555
"Eastern Province","KAYONZA","Buhonde","HH",1348
"Eastern Province","KAYONZA","Buhonde","population",6520
"Eastern Province","KAYONZA","Cyeru","HH",1077
"Eastern Province","KAYONZA","Cyeru","population",5289
"Eastern Province","KAYONZA","Gakurazo","HH",1425
"Eastern Province","KAYONZA","Gakurazo","population",3714
"Eastern Province","KAYONZA","Gasogororo","HH",1976
"Eastern Province","KAYONZA","Gasogororo","population",10339
"Eastern Province","KAYONZA","Gatebe","HH",1495
"Eastern Province","KAYONZA","Gatebe","population",6227
"Eastern Province","KAYONZA","Kabungo","HH",919
"Eastern Province","KAYONZA","Kabungo","population",3166
"Eastern Province","KAYONZA","Kayonza Centre","HH",1014
"Eastern Province","KAYONZA","Kayonza Centre","population",6785
"Eastern Province","KAYONZA","Kivugiza","HH",1263
"Eastern Province","KAYONZA","Kivugiza","population",4042
"Eastern Province","KAYONZA","Miyange","HH",1178
"Eastern Province","KAYONZA","Miyange","population",6425
"Eastern Province","KAYONZA","Munazi","HH",784
"Eastern Province","KAYONZA","Munazi","population",4827
"Eastern Province","KAYONZA","Akarugangare","HH",640
"Eastern Province","KAYONZA","Akarugangare","population",3606
"Eastern Province","KAYONZA","Bwingeyo","HH",807
"Eastern Province","KAYONZA","Bwingeyo","population",3539
"Eastern Province","KAYONZA","Gihima","HH",847
"Eastern Province","KAYONZA","Gihima","population",3110
"Eastern Province","KAYONZA","Kinunga","HH",1101
"Eastern Province","KAYONZA","Kinunga","population",4504
"Eastern Province","KAYONZA","Mburabuturo","HH",872
"Eastern Province","KAYONZA","Mburabuturo","population",3864
"Eastern Province","KAYONZA","Akamarara","HH",823
"Eastern Province","KAYONZA","Akamarara","population",3209
"Eastern Province","KAYONZA","Akamayange","HH",673
"Eastern Province","KAYONZA","Akamayange","population",1734
"Eastern Province","KAYONZA","Akanyinya","HH",887
"Eastern Province","KAYONZA","Akanyinya","population",2379
"Eastern Province","KAYONZA","Gatagara","HH",1510
"Eastern Province","KAYONZA","Gatagara","population",4636
"Eastern Province","KAYONZA","Iragwe","HH",909
"Eastern Province","KAYONZA","Iragwe","population",2736
"Eastern Province","KAYONZA","Irebero","HH",1488
"Eastern Province","KAYONZA","Irebero","population",9911
"Eastern Province","KAYONZA","Nyagatovu","HH",754
"Eastern Province","KAYONZA","Nyagatovu","population",2077
"Eastern Province","KAYONZA","Gikumba","HH",1027
"Eastern Province","KAYONZA","Gikumba","population",2198
"Eastern Province","KAYONZA","Kanyamasha","HH",925
"Eastern Province","KAYONZA","Kanyamasha","population",5840
"Eastern Province","KAYONZA","Karambo I","HH",781
"Eastern Province","KAYONZA","Karambo I","population",2136
"Eastern Province","KAYONZA","Karambo Ii","HH",611
"Eastern Province","KAYONZA","Karambo Ii","population",3633
"Eastern Province","KAYONZA","Nyakagarama","HH",702
"Eastern Province","KAYONZA","Nyakagarama","population",2039
"Eastern Province","KAYONZA","Rugendabari","HH",988
"Eastern Province","KAYONZA","Rugendabari","population",6739
"Eastern Province","KAYONZA","Rutare","HH",497
"Eastern Province","KAYONZA","Rutare","population",2566
"Eastern Province","KAYONZA","Bweramvura","HH",675
"Eastern Province","KAYONZA","Bweramvura","population",2252
"Eastern Province","KAYONZA","Gahengeri","HH",549
"Eastern Province","KAYONZA","Gahengeri","population",1380
"Eastern Province","KAYONZA","Gisunzu","HH",819
"Eastern Province","KAYONZA","Gisunzu","population",5235
"Eastern Province","KAYONZA","Kagarama","HH",704
"Eastern Province","KAYONZA","Kagarama","population",4659
"Eastern Province","KAYONZA","Mpilindi","HH",890
"Eastern Province","KAYONZA","Mpilindi","population",2490
"Eastern Province","KAYONZA","Nyamabuye","HH",745
"Eastern Province","KAYONZA","Nyamabuye","population",3604
"Eastern Province","KAYONZA","Shyanda","HH",847
"Eastern Province","KAYONZA","Shyanda","population",5910
"Eastern Province","KAYONZA","Gihazo","HH",578
"Eastern Province","KAYONZA","Gihazo","population",2188
"Eastern Province","KAYONZA","Karama","HH",944
"Eastern Province","KAYONZA","Karama","population",1981
"Eastern Province","KAYONZA","Ngoma","HH",790
"Eastern Province","KAYONZA","Ngoma","population",5056
"Eastern Province","KAYONZA","Rebezo","HH",599
"Eastern Province","KAYONZA","Rebezo","population",1523
"Eastern Province","KAYONZA","Bubindi","HH",577
"Eastern Province","KAYONZA","Bubindi","population",1192
"Eastern Province","KAYONZA","Murama","HH",721
"Eastern Province","KAYONZA","Murama","population",4287
"Eastern Province","KAYONZA","Rusaro","HH",439
"Eastern Province","KAYONZA","Rusaro","population",1111
"Eastern Province","KAYONZA","Rwabugengeri","HH",467
"Eastern Province","KAYONZA","Rwabugengeri","population",1901
"Eastern Province","KAYONZA","Busasamana","HH",540
"Eastern Province","KAYONZA","Busasamana","population",1228
"Eastern Province","KAYONZA","Nyagahinga","HH",813
"Eastern Province","KAYONZA","Nyagahinga","population",5489
"Eastern Province","KAYONZA","Nyakanazi","HH",1324
"Eastern Province","KAYONZA","Nyakanazi","population",7767
"Eastern Province","KAYONZA","Bicumbi","HH",779
"Eastern Province","KAYONZA","Bicumbi","population",5388
"Eastern Province","KAYONZA","Bwinyana","HH",920
"Eastern Province","KAYONZA","Bwinyana","population",4907
"Eastern Province","KAYONZA","Byimana","HH",757
"Eastern Province","KAYONZA","Byimana","population",2136
"Eastern Province","KAYONZA","Gasutamo","HH",1174
"Eastern Province","KAYONZA","Gasutamo","population",2793
"Eastern Province","KAYONZA","Seresi","HH",896
"Eastern Province","KAYONZA","Seresi","population",2349
"Eastern Province","KAYONZA","Cyamburara","HH",1548
"Eastern Province","KAYONZA","Cyamburara","population",10360
"Eastern Province","KAYONZA","Mucucu","HH",701
"Eastern Province","KAYONZA","Mucucu","population",3151
"Eastern Province","KAYONZA","Murundi","HH",1628
"Eastern Province","KAYONZA","Murundi","population",4546
"Eastern Province","KAYONZA","Akamina","HH",1304
"Eastern Province","KAYONZA","Akamina","population",2642
"Eastern Province","KAYONZA","Bugarura","HH",841
"Eastern Province","KAYONZA","Bugarura","population",2462
"Eastern Province","KAYONZA","Gafunzo","HH",565
"Eastern Province","KAYONZA","Gafunzo","population",2136
"Eastern Province","KAYONZA","Kabana","HH",617
"Eastern Province","KAYONZA","Kabana","population",4066
"Eastern Province","KAYONZA","Kabuga","HH",1041
"Eastern Province","KAYONZA","Kabuga","population",3399
"Eastern Province","KAYONZA","Karambi","HH",1049
"Eastern Province","KAYONZA","Karambi","population",5665
"Eastern Province","KAYONZA","Kiyovu","HH",952
"Eastern Province","KAYONZA","Kiyovu","population",3134
"Eastern Province","KAYONZA","Ngumeri I","HH",1036
"Eastern Province","KAYONZA","Ngumeri I","population",4000
"Eastern Province","KAYONZA","Ngumeri Ii","HH",682
"Eastern Province","KAYONZA","Ngumeri Ii","population",1570
"Eastern Province","KAYONZA","Nyagashanga","HH",939
"Eastern Province","KAYONZA","Nyagashanga","population",4977
"Eastern Province","KAYONZA","Nyamirama","HH",1190
"Eastern Province","KAYONZA","Nyamirama","population",3331
"Eastern Province","KAYONZA","Rukoyoyo","HH",981
"Eastern Province","KAYONZA","Rukoyoyo","population",5509
"Eastern Province","KAYONZA","Rumuri","HH",797
"Eastern Province","KAYONZA","Rumuri","population",4586
"Eastern Province","KAYONZA","Rwasama","HH",825
"Eastern Province","KAYONZA","Rwasama","population",3386
"Eastern Province","KAYONZA","Rwinsheke I","HH",685
"Eastern Province","KAYONZA","Rwinsheke I","population",3980
"Eastern Province","KAYONZA","Rwinsheke Ii","HH",409
"Eastern Province","KAYONZA","Rwinsheke Ii","population",2347
"Eastern Province","KAYONZA","Kayongo","HH",894
"Eastern Province","KAYONZA","Kayongo","population",3787
"Eastern Province","KAYONZA","Kibari","HH",774
"Eastern Province","KAYONZA","Kibari","population",5219
"Eastern Province","KAYONZA","Kinyana","HH",1317
"Eastern Province","KAYONZA","Kinyana","population",8573
"Eastern Province","KAYONZA","Macuba","HH",1179
"Eastern Province","KAYONZA","Macuba","population",4715
"Eastern Province","KAYONZA","Nyanga","HH",599
"Eastern Province","KAYONZA","Nyanga","population",4151
"Eastern Province","KAYONZA","Rucaca","HH",1214
"Eastern Province","KAYONZA","Rucaca","population",5487
"Eastern Province","KAYONZA","Akanyerezo","HH",553
"Eastern Province","KAYONZA","Akanyerezo","population",3605
"Eastern Province","KAYONZA","Cyandorimana","HH",684
"Eastern Province","KAYONZA","Cyandorimana","population",1585
"Eastern Province","KAYONZA","Kabingo","HH",884
"Eastern Province","KAYONZA","Kabingo","population",2471
"Eastern Province","KAYONZA","Kaneke","HH",786
"Eastern Province","KAYONZA","Kaneke","population",2719
"Eastern Province","KAYONZA","Kanyegera","HH",673
"Eastern Province","KAYONZA","Kanyegera","population",3056
"Eastern Province","KAYONZA","Ngarama","HH",617
"Eastern Province","KAYONZA","Ngarama","population",1423
"Eastern Province","KAYONZA","Nyabugando","HH",821
"Eastern Province","KAYONZA","Nyabugando","population",3874
"Eastern Province","KAYONZA","Rwakabanda","HH",2048
"Eastern Province","KAYONZA","Rwakabanda","population",7866
"Eastern Province","KAYONZA","Rwinyambo","HH",868
"Eastern Province","KAYONZA","Rwinyambo","population",1770
"Eastern Province","KAYONZA","Ryakirenzi I","HH",1505
"Eastern Province","KAYONZA","Ryakirenzi I","population",5720
"Eastern Province","KAYONZA","Ryakirenzi Ii","HH",1604
"Eastern Province","KAYONZA","Ryakirenzi Ii","population",3220
"Eastern Province","KAYONZA","Ryamanyoni","HH",884
"Eastern Province","KAYONZA","Ryamanyoni","population",4467
"Eastern Province","KAYONZA","Ubwiza","HH",1370
"Eastern Province","KAYONZA","Ubwiza","population",7818
"Eastern Province","KAYONZA","Kiyonza","HH",7
"Eastern Province","KAYONZA","Kiyonza","population",36
"Eastern Province","KAYONZA","Ndago","HH",1252
"Eastern Province","KAYONZA","Ndago","population",5058
"Eastern Province","KAYONZA","Rugeyo","HH",1356
"Eastern Province","KAYONZA","Rugeyo","population",8108
"Eastern Province","KAYONZA","Rwisirabo A","HH",1571
"Eastern Province","KAYONZA","Rwisirabo A","population",6034
"Eastern Province","KAYONZA","Rwisirabo B","HH",1539
"Eastern Province","KAYONZA","Rwisirabo B","population",3119
"Eastern Province","KAYONZA","Sebasengo","HH",1110
"Eastern Province","KAYONZA","Sebasengo","population",4522
"Eastern Province","KAYONZA","Agahiza","HH",1021
"Eastern Province","KAYONZA","Agahiza","population",5959
"Eastern Province","KAYONZA","Murori","HH",1169
"Eastern Province","KAYONZA","Murori","population",3560
"Eastern Province","KAYONZA","Mwiri","HH",887
"Eastern Province","KAYONZA","Mwiri","population",4631
"Eastern Province","KAYONZA","Umutekano","HH",1039
"Eastern Province","KAYONZA","Umutekano","population",5624
"Eastern Province","KAYONZA","Gasarabwayi","HH",2198
"Eastern Province","KAYONZA","Gasarabwayi","population",14264
"Eastern Province","KAYONZA","Kabukeye","HH",1557
"Eastern Province","KAYONZA","Kabukeye","population",10209
"Eastern Province","KAYONZA","Kigarama","HH",1938
"Eastern Province","KAYONZA","Kigarama","population",4459
"Eastern Province","KAYONZA","Ruhoroba","HH",847
"Eastern Province","KAYONZA","Ruhoroba","population",5039
"Eastern Province","KAYONZA","Rwazana","HH",2231
"Eastern Province","KAYONZA","Rwazana","population",5064
"Eastern Province","KAYONZA","Ryamutumo","HH",953
"Eastern Province","KAYONZA","Ryamutumo","population",2223
"Eastern Province","KAYONZA","Gitega","HH",1427
"Eastern Province","KAYONZA","Gitega","population",3841
"Eastern Province","KAYONZA","Muhozi","HH",1024
"Eastern Province","KAYONZA","Muhozi","population",6559
"Eastern Province","KAYONZA","Murehe","HH",1102
"Eastern Province","KAYONZA","Murehe","population",3639
"Eastern Province","KAYONZA","Ryakibanda","HH",1109
"Eastern Province","KAYONZA","Ryakibanda","population",4793
"Eastern Province","KAYONZA","Kururembo","HH",559
"Eastern Province","KAYONZA","Kururembo","population",1139
"Eastern Province","KAYONZA","Nyakabingo","HH",1150
"Eastern Province","KAYONZA","Nyakabingo","population",4966
"Eastern Province","KAYONZA","Nyamata","HH",972
"Eastern Province","KAYONZA","Nyamata","population",3128
"Eastern Province","KAYONZA","Gashonga","HH",1004
"Eastern Province","KAYONZA","Gashonga","population",4219
"Eastern Province","KAYONZA","Kabusunzu","HH",734
"Eastern Province","KAYONZA","Kabusunzu","population",4313
"Eastern Province","KAYONZA","Kagese","HH",613
"Eastern Province","KAYONZA","Kagese","population",3342
"Eastern Province","KAYONZA","Kagoma","HH",771
"Eastern Province","KAYONZA","Kagoma","population",4475
"Eastern Province","KAYONZA","Kamahoro","HH",775
"Eastern Province","KAYONZA","Kamahoro","population",4666
"Eastern Province","KAYONZA","Kanyinya","HH",790
"Eastern Province","KAYONZA","Kanyinya","population",4059
"Eastern Province","KAYONZA","Kibare","HH",356
"Eastern Province","KAYONZA","Kibare","population",1275
"Eastern Province","KAYONZA","Gasenyi","HH",460
"Eastern Province","KAYONZA","Gasenyi","population",2986
"Eastern Province","KAYONZA","Ihema","HH",740
"Eastern Province","KAYONZA","Ihema","population",2658
"Eastern Province","KAYONZA","Kagasa","HH",745
"Eastern Province","KAYONZA","Kagasa","population",4891
"Eastern Province","KAYONZA","Kamabuye","HH",957
"Eastern Province","KAYONZA","Kamabuye","population",3427
"Eastern Province","KAYONZA","Kumunini","HH",929
"Eastern Province","KAYONZA","Kumunini","population",4891
"Eastern Province","KAYONZA","Musenyi","HH",673
"Eastern Province","KAYONZA","Musenyi","population",1982
"Eastern Province","KAYONZA","Remera","HH",1057
"Eastern Province","KAYONZA","Remera","population",6970
"Eastern Province","KAYONZA","Gasabo","HH",2619
"Eastern Province","KAYONZA","Gasabo","population",9365
"Eastern Province","KAYONZA","Ihumure","HH",695
"Eastern Province","KAYONZA","Ihumure","population",3363
"Eastern Province","KAYONZA","Iramiro","HH",961
"Eastern Province","KAYONZA","Iramiro","population",5079
"Eastern Province","KAYONZA","Mwurire","HH",1426
"Eastern Province","KAYONZA","Mwurire","population",8119
"Eastern Province","KAYONZA","Nyamugari","HH",923
"Eastern Province","KAYONZA","Nyamugari","population",3365
"Eastern Province","KAYONZA","Gasharu","HH",752
"Eastern Province","KAYONZA","Gasharu","population",3712
"Eastern Province","KAYONZA","Gasogi","HH",898
"Eastern Province","KAYONZA","Gasogi","population",3621
"Eastern Province","KAYONZA","Gasura","HH",1805
"Eastern Province","KAYONZA","Gasura","population",9052
"Eastern Province","KAYONZA","Kamonyi","HH",791
"Eastern Province","KAYONZA","Kamonyi","population",1783
"Eastern Province","KAYONZA","Kinkoronko","HH",1142
"Eastern Province","KAYONZA","Kinkoronko","population",4040
"Eastern Province","KAYONZA","Kiyanja","HH",610
"Eastern Province","KAYONZA","Kiyanja","population",2244
"Eastern Province","KAYONZA","Nyabisindu","HH",1278
"Eastern Province","KAYONZA","Nyabisindu","population",5578
"Eastern Province","KAYONZA","Nyagasambu","HH",1220
"Eastern Province","KAYONZA","Nyagasambu","population",3946
"Eastern Province","KAYONZA","Nyarunazi","HH",2244
"Eastern Province","KAYONZA","Nyarunazi","population",9013
"Eastern Province","KAYONZA","Amashinge","HH",858
"Eastern Province","KAYONZA","Amashinge","population",3215
"Eastern Province","KAYONZA","Bwiza","HH",1380
"Eastern Province","KAYONZA","Bwiza","population",9266
"Eastern Province","KAYONZA","Kabuya I","HH",1518
"Eastern Province","KAYONZA","Kabuya I","population",10565
"Eastern Province","KAYONZA","Kabuya Ii","HH",1202
"Eastern Province","KAYONZA","Kabuya Ii","population",3417
"Eastern Province","KAYONZA","Ntintyi","HH",962
"Eastern Province","KAYONZA","Ntintyi","population",5603
"Eastern Province","KAYONZA","Ruvumu","HH",1316
"Eastern Province","KAYONZA","Ruvumu","population",9012
"Eastern Province","KAYONZA","Shirinyota","HH",646
"Eastern Province","KAYONZA","Shirinyota","population",2322
"Eastern Province","KAYONZA","Gatoki","HH",519
"Eastern Province","KAYONZA","Gatoki","population",1255
"Eastern Province","KAYONZA","Nyacyonga","HH",634
"Eastern Province","KAYONZA","Nyacyonga","population",2574
"Eastern Province","KAYONZA","Rugagi","HH",620
"Eastern Province","KAYONZA","Rugagi","population",2765
"Eastern Province","KAYONZA","Rwangabarezi","HH",654
"Eastern Province","KAYONZA","Rwangabarezi","population",3339
"Eastern Province","KAYONZA","Rwinyana","HH",1172
"Eastern Province","KAYONZA","Rwinyana","population",6076
"Eastern Province","KAYONZA","Butimba I","HH",1111
"Eastern Province","KAYONZA","Butimba I","population",2874
"Eastern Province","KAYONZA","Butimba Ii","HH",643
"Eastern Province","KAYONZA","Butimba Ii","population",3572
"Eastern Province","KAYONZA","Kidogo","HH",1027
"Eastern Province","KAYONZA","Kidogo","population",2427
"Eastern Province","KAYONZA","Rwempasha","HH",785
"Eastern Province","KAYONZA","Rwempasha","population",4592
"Eastern Province","KAYONZA","Butimba","HH",1431
"Eastern Province","KAYONZA","Butimba","population",5639
"Eastern Province","KAYONZA","Buyonza","HH",1177
"Eastern Province","KAYONZA","Buyonza","population",4358
"Eastern Province","KAYONZA","Gitarama","HH",325
"Eastern Province","KAYONZA","Gitarama","population",1319
"Eastern Province","KAYONZA","Kamajigija","HH",284
"Eastern Province","KAYONZA","Kamajigija","population",839
"Eastern Province","KAYONZA","Karubamba","HH",1257
"Eastern Province","KAYONZA","Karubamba","population",7938
"Eastern Province","KAYONZA","Kinunga I","HH",983
"Eastern Province","KAYONZA","Kinunga I","population",5391
"Eastern Province","KAYONZA","Kinunga Ii","HH",771
"Eastern Province","KAYONZA","Kinunga Ii","population",4744
"Eastern Province","KAYONZA","Mitungo","HH",814
"Eastern Province","KAYONZA","Mitungo","population",1834
"Eastern Province","KAYONZA","Mumuri","HH",710
"Eastern Province","KAYONZA","Mumuri","population",2053
"Eastern Province","KAYONZA","Munyinya","HH",701
"Eastern Province","KAYONZA","Munyinya","population",2811
"Eastern Province","KAYONZA","Muzizi","HH",1398
"Eastern Province","KAYONZA","Muzizi","population",3934
"Eastern Province","KAYONZA","Nyagaharabuge","HH",1115
"Eastern Province","KAYONZA","Nyagaharabuge","population",6009
"Eastern Province","KAYONZA","Nyirarukara","HH",871
"Eastern Province","KAYONZA","Nyirarukara","population",3011
"Eastern Province","KAYONZA","Ruyenzi","HH",952
"Eastern Province","KAYONZA","Ruyenzi","population",6540
"Eastern Province","KAYONZA","Akabare I","HH",1002
"Eastern Province","KAYONZA","Akabare I","population",3746
"Eastern Province","KAYONZA","Akabare Ii","HH",896
"Eastern Province","KAYONZA","Akabare Ii","population",4101
"Eastern Province","KAYONZA","Karagari I","HH",1065
"Eastern Province","KAYONZA","Karagari I","population",3588
"Eastern Province","KAYONZA","Karagari Ii","HH",1065
"Eastern Province","KAYONZA","Karagari Ii","population",5629
"Eastern Province","KAYONZA","Kigwene I","HH",1275
"Eastern Province","KAYONZA","Kigwene I","population",7605
"Eastern Province","KAYONZA","Kigwene Ii","HH",1087
"Eastern Province","KAYONZA","Kigwene Ii","population",5780
"Eastern Province","KAYONZA","Mirambi I","HH",931
"Eastern Province","KAYONZA","Mirambi I","population",4955
"Eastern Province","KAYONZA","Mirambi Ii","HH",875
"Eastern Province","KAYONZA","Mirambi Ii","population",3545
"Eastern Province","KAYONZA","Mirambi Iii","HH",605
"Eastern Province","KAYONZA","Mirambi Iii","population",1768
"Eastern Province","KAYONZA","Nyarutunga I","HH",1028
"Eastern Province","KAYONZA","Nyarutunga I","population",5216
"Eastern Province","KAYONZA","Nyarutunga Ii","HH",946
"Eastern Province","KAYONZA","Nyarutunga Ii","population",5352
"Eastern Province","KAYONZA","Amashya","HH",713
"Eastern Province","KAYONZA","Amashya","population",4563
"Eastern Province","KAYONZA","Buhoro","HH",710
"Eastern Province","KAYONZA","Buhoro","population",2827
"Eastern Province","KAYONZA","Akabarima","HH",867
"Eastern Province","KAYONZA","Akabarima","population",4041
"Eastern Province","KAYONZA","Akarambo","HH",910
"Eastern Province","KAYONZA","Akarambo","population",6270
"Eastern Province","KAYONZA","Cyabitana","HH",665
"Eastern Province","KAYONZA","Cyabitana","population",2337
"Eastern Province","KAYONZA","Nyagacyamu","HH",681
"Eastern Province","KAYONZA","Nyagacyamu","population",1549
"Eastern Province","KAYONZA","Sabununga","HH",811
"Eastern Province","KAYONZA","Sabununga","population",4425
"Eastern Province","KAYONZA","Umubuga","HH",881
"Eastern Province","KAYONZA","Umubuga","population",5303
"Eastern Province","KAYONZA","Gitoki","HH",487
"Eastern Province","KAYONZA","Gitoki","population",2054
"Eastern Province","KAYONZA","Gitwa","HH",745
"Eastern Province","KAYONZA","Gitwa","population",2946
"Eastern Province","KAYONZA","Rukoma","HH",657
"Eastern Province","KAYONZA","Rukoma","population",3294
"Eastern Province","KAYONZA","Taba","HH",834
"Eastern Province","KAYONZA","Taba","population",5812
"Eastern Province","KAYONZA","Akarugina","HH",840
"Eastern Province","KAYONZA","Akarugina","population",4317
"Eastern Province","KAYONZA","Amazinga","HH",789
"Eastern Province","KAYONZA","Amazinga","population",3920
"Eastern Province","KAYONZA","Gitesannyi","HH",699
"Eastern Province","KAYONZA","Gitesannyi","population",3560
"Eastern Province","KAYONZA","Kabukara","HH",487
"Eastern Province","KAYONZA","Kabukara","population",3044
"Eastern Province","KAYONZA","Kajembe","HH",537
"Eastern Province","KAYONZA","Kajembe","population",2288
"Eastern Province","KAYONZA","Kamukire","HH",1003
"Eastern Province","KAYONZA","Kamukire","population",2652
"Eastern Province","KAYONZA","Akajevuba","HH",677
"Eastern Province","KAYONZA","Akajevuba","population",3098
"Eastern Province","KAYONZA","Akayebe","HH",739
"Eastern Province","KAYONZA","Akayebe","population",2929
"Eastern Province","KAYONZA","Gihinga","HH",671
"Eastern Province","KAYONZA","Gihinga","population",1693
"Eastern Province","KAYONZA","Karuhambo","HH",960
"Eastern Province","KAYONZA","Karuhambo","population",5468
"Eastern Province","KAYONZA","Migera","HH",868
"Eastern Province","KAYONZA","Migera","population",5024
"Eastern Province","KAYONZA","Nyabimuri","HH",418
"Eastern Province","KAYONZA","Nyabimuri","population",1752
"Eastern Province","KAYONZA","Rubirizi","HH",916
"Eastern Province","KAYONZA","Rubirizi","population",6262
"Eastern Province","KAYONZA","Uburembo","HH",1099
"Eastern Province","KAYONZA","Uburembo","population",4448
"Eastern Province","KAYONZA","Gacaca","HH",907
"Eastern Province","KAYONZA","Gacaca","population",6244
"Eastern Province","KAYONZA","Gahushyi","HH",518
"Eastern Province","KAYONZA","Gahushyi","population",1676
"Eastern Province","KAYONZA","Kingogo","HH",469
"Eastern Province","KAYONZA","Kingogo","population",1332
"Eastern Province","KAYONZA","Mbarara I","HH",1017
"Eastern Province","KAYONZA","Mbarara I","population",4240
"Eastern Province","KAYONZA","Mbarara Ii","HH",740
"Eastern Province","KAYONZA","Mbarara Ii","population",4543
"Eastern Province","KAYONZA","Mutembo","HH",1039
"Eastern Province","KAYONZA","Mutembo","population",2128
"Eastern Province","KAYONZA","Bishenyi","HH",675
"Eastern Province","KAYONZA","Bishenyi","population",4473
"Eastern Province","KAYONZA","Dusabane","HH",735
"Eastern Province","KAYONZA","Dusabane","population",3872
"Eastern Province","KAYONZA","Nyankora","HH",1023
"Eastern Province","KAYONZA","Nyankora","population",2914
"Eastern Province","KAYONZA","Nyarwashama I","HH",369
"Eastern Province","KAYONZA","Nyarwashama I","population",763
"Eastern Province","KAYONZA","Nyarwashama Ii","HH",358
"Eastern Province","KAYONZA","Nyarwashama Ii","population",2173
"Eastern Province","KAYONZA","Rebero","HH",498
"Eastern Province","KAYONZA","Rebero","population",3200
"Eastern Province","KAYONZA","Twibanire","HH",1043
"Eastern Province","KAYONZA","Twibanire","population",6464
"Eastern Province","KAYONZA","Twiyunge","HH",278
"Eastern Province","KAYONZA","Twiyunge","population",917
"Eastern Province","KAYONZA","Vungiro","HH",292
"Eastern Province","KAYONZA","Vungiro","population",1551
"Eastern Province","KAYONZA","Burigade","HH",450
"Eastern Province","KAYONZA","Burigade","population",2531
"Eastern Province","KAYONZA","Gisozi","HH",957
"Eastern Province","KAYONZA","Gisozi","population",5517
"Eastern Province","KAYONZA","Kinihira","HH",833
"Eastern Province","KAYONZA","Kinihira","population",4469
"Eastern Province","KAYONZA","Matinza","HH",973
"Eastern Province","KAYONZA","Matinza","population",2428
"Eastern Province","KAYONZA","Muganza","HH",685
"Eastern Province","KAYONZA","Muganza","population",2551
"Eastern Province","KAYONZA","Nkondo I","HH",908
"Eastern Province","KAYONZA","Nkondo I","population",4131
"Eastern Province","KAYONZA","Nkondo Ii","HH",490
"Eastern Province","KAYONZA","Nkondo Ii","population",1311
"Eastern Province","KAYONZA","Nyabihare","HH",386
"Eastern Province","KAYONZA","Nyabihare","population",1982
"Eastern Province","KAYONZA","Rwinkwavu","HH",787
"Eastern Province","KAYONZA","Rwinkwavu","population",2841
"Eastern Province","KAYONZA","Seka","HH",823
"Eastern Province","KAYONZA","Seka","population",3670
"Eastern Province","RWAMAGANA","Cyingara","HH",782
"Eastern Province","RWAMAGANA","Cyingara","population",3145
"Eastern Province","RWAMAGANA","Janjagiro","HH",1106
"Eastern Province","RWAMAGANA","Janjagiro","population",7672
"Eastern Province","RWAMAGANA","Kabeza","HH",773
"Eastern Province","RWAMAGANA","Kabeza","population",2530
"Eastern Province","RWAMAGANA","Kabuga","HH",487
"Eastern Province","RWAMAGANA","Kabuga","population",1973
"Eastern Province","RWAMAGANA","Ndinda","HH",468
"Eastern Province","RWAMAGANA","Ndinda","population",3194
"Eastern Province","RWAMAGANA","Nyirabiteri","HH",741
"Eastern Province","RWAMAGANA","Nyirabiteri","population",4242
"Eastern Province","RWAMAGANA","Mataba","HH",961
"Eastern Province","RWAMAGANA","Mataba","population",5973
"Eastern Province","RWAMAGANA","Rambura","HH",1511
"Eastern Province","RWAMAGANA","Rambura","population",6308
"Eastern Province","RWAMAGANA","Rebero","HH",1393
"Eastern Province","RWAMAGANA","Rebero","population",4246
"Eastern Province","RWAMAGANA","Rugarama","HH",1176
"Eastern Province","RWAMAGANA","Rugarama","population",4765
"Eastern Province","RWAMAGANA","Rugenge","HH",1107
"Eastern Province","RWAMAGANA","Rugenge","population",3444
"Eastern Province","RWAMAGANA","Akabeza","HH",1908
"Eastern Province","RWAMAGANA","Akabeza","population",5705
"Eastern Province","RWAMAGANA","Kibaza","HH",1208
"Eastern Province","RWAMAGANA","Kibaza","population",8453
"Eastern Province","RWAMAGANA","Kirehe","HH",1196
"Eastern Province","RWAMAGANA","Kirehe","population",8069
"Eastern Province","RWAMAGANA","Agatare","HH",625
"Eastern Province","RWAMAGANA","Agatare","population",2451
"Eastern Province","RWAMAGANA","Akagarama","HH",616
"Eastern Province","RWAMAGANA","Akagarama","population",2759
"Eastern Province","RWAMAGANA","Bigarama","HH",686
"Eastern Province","RWAMAGANA","Bigarama","population",2691
"Eastern Province","RWAMAGANA","Cyarutabana","HH",674
"Eastern Province","RWAMAGANA","Cyarutabana","population",2769
"Eastern Province","RWAMAGANA","Makwandi","HH",330
"Eastern Province","RWAMAGANA","Makwandi","population",1981
"Eastern Province","RWAMAGANA","Ntungamo","HH",747
"Eastern Province","RWAMAGANA","Ntungamo","population",5047
"Eastern Province","RWAMAGANA","Shenga","HH",512
"Eastern Province","RWAMAGANA","Shenga","population",3089
"Eastern Province","RWAMAGANA","Gihima","HH",613
"Eastern Province","RWAMAGANA","Gihima","population",1433
"Eastern Province","RWAMAGANA","Gitwe","HH",714
"Eastern Province","RWAMAGANA","Gitwe","population",3484
"Eastern Province","RWAMAGANA","Kabirizi","HH",782
"Eastern Province","RWAMAGANA","Kabirizi","population",1660
"Eastern Province","RWAMAGANA","Kivugiza","HH",503
"Eastern Province","RWAMAGANA","Kivugiza","population",1106
"Eastern Province","RWAMAGANA","Murambi","HH",1102
"Eastern Province","RWAMAGANA","Murambi","population",3436
"Eastern Province","RWAMAGANA","Rurembo","HH",759
"Eastern Province","RWAMAGANA","Rurembo","population",4413
"Eastern Province","RWAMAGANA","Birembo","HH",711
"Eastern Province","RWAMAGANA","Birembo","population",3731
"Eastern Province","RWAMAGANA","Byimana","HH",593
"Eastern Province","RWAMAGANA","Byimana","population",2618
"Eastern Province","RWAMAGANA","Irukwaya","HH",880
"Eastern Province","RWAMAGANA","Irukwaya","population",4863
"Eastern Province","RWAMAGANA","Karambo","HH",682
"Eastern Province","RWAMAGANA","Karambo","population",4287
"Eastern Province","RWAMAGANA","Munini","HH",750
"Eastern Province","RWAMAGANA","Munini","population",2050
"Eastern Province","RWAMAGANA","Cyanga","HH",671
"Eastern Province","RWAMAGANA","Cyanga","population",3216
"Eastern Province","RWAMAGANA","Gatare","HH",763
"Eastern Province","RWAMAGANA","Gatare","population",3050
"Eastern Province","RWAMAGANA","Kajevuba","HH",677
"Eastern Province","RWAMAGANA","Kajevuba","population",2587
"Eastern Province","RWAMAGANA","Nyirabujari","HH",852
"Eastern Province","RWAMAGANA","Nyirabujari","population",4444
"Eastern Province","RWAMAGANA","Akabuga","HH",662
"Eastern Province","RWAMAGANA","Akabuga","population",2510
"Eastern Province","RWAMAGANA","Kabonero","HH",684
"Eastern Province","RWAMAGANA","Kabonero","population",1394
"Eastern Province","RWAMAGANA","Rwarugaju","HH",619
"Eastern Province","RWAMAGANA","Rwarugaju","population",3144
"Eastern Province","RWAMAGANA","Samatare","HH",617
"Eastern Province","RWAMAGANA","Samatare","population",2455
"Eastern Province","RWAMAGANA","Agakari","HH",382
"Eastern Province","RWAMAGANA","Agakari","population",803
"Eastern Province","RWAMAGANA","Gatenderi","HH",487
"Eastern Province","RWAMAGANA","Gatenderi","population",3292
"Eastern Province","RWAMAGANA","Ruhita","HH",397
"Eastern Province","RWAMAGANA","Ruhita","population",1062
"Eastern Province","RWAMAGANA","Umunini","HH",463
"Eastern Province","RWAMAGANA","Umunini","population",2657
"Eastern Province","RWAMAGANA","Iramiro","HH",582
"Eastern Province","RWAMAGANA","Iramiro","population",2152
"Eastern Province","RWAMAGANA","Kabuye","HH",642
"Eastern Province","RWAMAGANA","Kabuye","population",3522
"Eastern Province","RWAMAGANA","Kanserege","HH",812
"Eastern Province","RWAMAGANA","Kanserege","population",1814
"Eastern Province","RWAMAGANA","Karutimbo","HH",1011
"Eastern Province","RWAMAGANA","Karutimbo","population",3202
"Eastern Province","RWAMAGANA","Kinyovi","HH",542
"Eastern Province","RWAMAGANA","Kinyovi","population",3645
"Eastern Province","RWAMAGANA","Rurambi","HH",584
"Eastern Province","RWAMAGANA","Rurambi","population",3590
"Eastern Province","RWAMAGANA","Agasharu","HH",397
"Eastern Province","RWAMAGANA","Agasharu","population",2680
"Eastern Province","RWAMAGANA","Kamugasa","HH",499
"Eastern Province","RWAMAGANA","Kamugasa","population",2228
"Eastern Province","RWAMAGANA","Nyabagaza","HH",509
"Eastern Province","RWAMAGANA","Nyabagaza","population",2805
"Eastern Province","RWAMAGANA","Nyirarwirungu","HH",431
"Eastern Province","RWAMAGANA","Nyirarwirungu","population",2155
"Eastern Province","RWAMAGANA","Rubonobono","HH",643
"Eastern Province","RWAMAGANA","Rubonobono","population",4405
"Eastern Province","RWAMAGANA","Rugagi","HH",377
"Eastern Province","RWAMAGANA","Rugagi","population",1555
"Eastern Province","RWAMAGANA","Ryasenteteri","HH",999
"Eastern Province","RWAMAGANA","Ryasenteteri","population",2239
"Eastern Province","RWAMAGANA","Amatafari","HH",628
"Eastern Province","RWAMAGANA","Amatafari","population",1527
"Eastern Province","RWAMAGANA","Nyakiri","HH",371
"Eastern Province","RWAMAGANA","Nyakiri","population",2431
"Eastern Province","RWAMAGANA","Nyarucyamo","HH",471
"Eastern Province","RWAMAGANA","Nyarucyamo","population",1627
"Eastern Province","RWAMAGANA","Akamasasa","HH",598
"Eastern Province","RWAMAGANA","Akamasasa","population",1385
"Eastern Province","RWAMAGANA","Cyeru","HH",665
"Eastern Province","RWAMAGANA","Cyeru","population",4461
"Eastern Province","RWAMAGANA","Gacunshu","HH",449
"Eastern Province","RWAMAGANA","Gacunshu","population",1844
"Eastern Province","RWAMAGANA","Kabarore","HH",509
"Eastern Province","RWAMAGANA","Kabarore","population",1325
"Eastern Province","RWAMAGANA","Kiyovu","HH",402
"Eastern Province","RWAMAGANA","Kiyovu","population",1859
"Eastern Province","RWAMAGANA","Ruyumba","HH",447
"Eastern Province","RWAMAGANA","Ruyumba","population",2938
"Eastern Province","RWAMAGANA","Ryamuzuka","HH",591
"Eastern Province","RWAMAGANA","Ryamuzuka","population",1293
"Eastern Province","RWAMAGANA","Kabigondo","HH",638
"Eastern Province","RWAMAGANA","Kabigondo","population",1683
"Eastern Province","RWAMAGANA","Kamurindi","HH",964
"Eastern Province","RWAMAGANA","Kamurindi","population",4651
"Eastern Province","RWAMAGANA","Kinteko","HH",1211
"Eastern Province","RWAMAGANA","Kinteko","population",7133
"Eastern Province","RWAMAGANA","Kiruruma","HH",988
"Eastern Province","RWAMAGANA","Kiruruma","population",2112
"Eastern Province","RWAMAGANA","Nyamugari","HH",1002
"Eastern Province","RWAMAGANA","Nyamugari","population",2228
"Eastern Province","RWAMAGANA","Busharu","HH",1061
"Eastern Province","RWAMAGANA","Busharu","population",3242
"Eastern Province","RWAMAGANA","Nyakivomo","HH",849
"Eastern Province","RWAMAGANA","Nyakivomo","population",2853
"Eastern Province","RWAMAGANA","Rurindimura","HH",1186
"Eastern Province","RWAMAGANA","Rurindimura","population",3131
"Eastern Province","RWAMAGANA","Akanogo","HH",1438
"Eastern Province","RWAMAGANA","Akanogo","population",8968
"Eastern Province","RWAMAGANA","Mugusha","HH",917
"Eastern Province","RWAMAGANA","Mugusha","population",5049
"Eastern Province","RWAMAGANA","Nyakabungo","HH",1395
"Eastern Province","RWAMAGANA","Nyakabungo","population",4192
"Eastern Province","RWAMAGANA","Shaburondo","HH",1269
"Eastern Province","RWAMAGANA","Shaburondo","population",7035
"Eastern Province","RWAMAGANA","Nyagacyamo","HH",844
"Eastern Province","RWAMAGANA","Nyagacyamo","population",2368
"Eastern Province","RWAMAGANA","Nyakagarama","HH",1195
"Eastern Province","RWAMAGANA","Nyakagarama","population",6993
"Eastern Province","RWAMAGANA","Nyamabuye","HH",447
"Eastern Province","RWAMAGANA","Nyamabuye","population",2475
"Eastern Province","RWAMAGANA","Umunanira","HH",1189
"Eastern Province","RWAMAGANA","Umunanira","population",2781
"Eastern Province","RWAMAGANA","Uruhuha","HH",787
"Eastern Province","RWAMAGANA","Uruhuha","population",3116
"Eastern Province","RWAMAGANA","Ingeyo","HH",1024
"Eastern Province","RWAMAGANA","Ingeyo","population",3432
"Eastern Province","RWAMAGANA","Kibonde","HH",1022
"Eastern Province","RWAMAGANA","Kibonde","population",2433
"Eastern Province","RWAMAGANA","Uruyenzi","HH",697
"Eastern Province","RWAMAGANA","Uruyenzi","population",4675
"Eastern Province","RWAMAGANA","Abakina","HH",1035
"Eastern Province","RWAMAGANA","Abakina","population",4289
"Eastern Province","RWAMAGANA","Cyiri","HH",1488
"Eastern Province","RWAMAGANA","Cyiri","population",7615
"Eastern Province","RWAMAGANA","Rwagahaya","HH",1202
"Eastern Province","RWAMAGANA","Rwagahaya","population",6055
"Eastern Province","RWAMAGANA","Mpungwe","HH",1307
"Eastern Province","RWAMAGANA","Mpungwe","population",4531
"Eastern Province","RWAMAGANA","Nyagahinga","HH",1543
"Eastern Province","RWAMAGANA","Nyagahinga","population",4317
"Eastern Province","RWAMAGANA","Nyagakombe","HH",1531
"Eastern Province","RWAMAGANA","Nyagakombe","population",7812
"Eastern Province","RWAMAGANA","Bicaca Centre","HH",725
"Eastern Province","RWAMAGANA","Bicaca Centre","population",2079
"Eastern Province","RWAMAGANA","Cyanyirampazi","HH",331
"Eastern Province","RWAMAGANA","Cyanyirampazi","population",874
"Eastern Province","RWAMAGANA","Cyarugaju","HH",513
"Eastern Province","RWAMAGANA","Cyarugaju","population",2667
"Eastern Province","RWAMAGANA","Karuyenzi","HH",668
"Eastern Province","RWAMAGANA","Karuyenzi","population",4121
"Eastern Province","RWAMAGANA","Runzenze","HH",564
"Eastern Province","RWAMAGANA","Runzenze","population",3682
"Eastern Province","RWAMAGANA","Kiyaya","HH",368
"Eastern Province","RWAMAGANA","Kiyaya","population",2172
"Eastern Province","RWAMAGANA","Rukori","HH",680
"Eastern Province","RWAMAGANA","Rukori","population",2694
"Eastern Province","RWAMAGANA","Ipide","HH",866
"Eastern Province","RWAMAGANA","Ipide","population",2830
"Eastern Province","RWAMAGANA","Kabasore","HH",570
"Eastern Province","RWAMAGANA","Kabasore","population",2701
"Eastern Province","RWAMAGANA","Migamba","HH",987
"Eastern Province","RWAMAGANA","Migamba","population",4594
"Eastern Province","RWAMAGANA","Nyagatovu","HH",1072
"Eastern Province","RWAMAGANA","Nyagatovu","population",4227
"Eastern Province","RWAMAGANA","Ruvomo","HH",614
"Eastern Province","RWAMAGANA","Ruvomo","population",1673
"Eastern Province","RWAMAGANA","Kagese","HH",433
"Eastern Province","RWAMAGANA","Kagese","population",1236
"Eastern Province","RWAMAGANA","Kangamba","HH",547
"Eastern Province","RWAMAGANA","Kangamba","population",1618
"Eastern Province","RWAMAGANA","Kimarambasa","HH",799
"Eastern Province","RWAMAGANA","Kimarambasa","population",4363
"Eastern Province","RWAMAGANA","Nkongi","HH",917
"Eastern Province","RWAMAGANA","Nkongi","population",3774
"Eastern Province","RWAMAGANA","Bwiza","HH",495
"Eastern Province","RWAMAGANA","Bwiza","population",2735
"Eastern Province","RWAMAGANA","Karenge","HH",872
"Eastern Province","RWAMAGANA","Karenge","population",5797
"Eastern Province","RWAMAGANA","Ntebe","HH",998
"Eastern Province","RWAMAGANA","Ntebe","population",3885
"Eastern Province","RWAMAGANA","Feri","HH",420
"Eastern Province","RWAMAGANA","Feri","population",2599
"Eastern Province","RWAMAGANA","Kanyangese","HH",1625
"Eastern Province","RWAMAGANA","Kanyangese","population",3689
"Eastern Province","RWAMAGANA","Nyabubare","HH",1115
"Eastern Province","RWAMAGANA","Nyabubare","population",5165
"Eastern Province","RWAMAGANA","Rwinka","HH",611
"Eastern Province","RWAMAGANA","Rwinka","population",2414
"Eastern Province","RWAMAGANA","Ryamugabo","HH",1173
"Eastern Province","RWAMAGANA","Ryamugabo","population",6149
"Eastern Province","RWAMAGANA","Cyerwa","HH",828
"Eastern Province","RWAMAGANA","Cyerwa","population",2816
"Eastern Province","RWAMAGANA","Mutabo","HH",858
"Eastern Province","RWAMAGANA","Mutabo","population",4816
"Eastern Province","RWAMAGANA","Ndengo","HH",492
"Eastern Province","RWAMAGANA","Ndengo","population",2274
"Eastern Province","RWAMAGANA","Nyagasenyi","HH",427
"Eastern Province","RWAMAGANA","Nyagasenyi","population",886
"Eastern Province","RWAMAGANA","Nyakabuye","HH",598
"Eastern Province","RWAMAGANA","Nyakabuye","population",3984
"Eastern Province","RWAMAGANA","Nyamatete","HH",505
"Eastern Province","RWAMAGANA","Nyamatete","population",3125
"Eastern Province","RWAMAGANA","Gitega","HH",572
"Eastern Province","RWAMAGANA","Gitega","population",3459
"Eastern Province","RWAMAGANA","Kagererao","HH",402
"Eastern Province","RWAMAGANA","Kagererao","population",2667
"Eastern Province","RWAMAGANA","Nyakabande","HH",628
"Eastern Province","RWAMAGANA","Nyakabande","population",2425
"Eastern Province","RWAMAGANA","Rutaka","HH",1227
"Eastern Province","RWAMAGANA","Rutaka","population",6432
"Eastern Province","RWAMAGANA","Rutonde","HH",1072
"Eastern Province","RWAMAGANA","Rutonde","population",2727
"Eastern Province","RWAMAGANA","Rweza","HH",423
"Eastern Province","RWAMAGANA","Rweza","population",1883
"Eastern Province","RWAMAGANA","Bigabiro","HH",1906
"Eastern Province","RWAMAGANA","Bigabiro","population",9552
"Eastern Province","RWAMAGANA","Biraro","HH",897
"Eastern Province","RWAMAGANA","Biraro","population",5120
"Eastern Province","RWAMAGANA","Busanza","HH",1080
"Eastern Province","RWAMAGANA","Busanza","population",3816
"Eastern Province","RWAMAGANA","Cyahafi","HH",791
"Eastern Province","RWAMAGANA","Cyahafi","population",3770
"Eastern Province","RWAMAGANA","Kamata","HH",1205
"Eastern Province","RWAMAGANA","Kamata","population",2960
"Eastern Province","RWAMAGANA","Karuhayi","HH",1958
"Eastern Province","RWAMAGANA","Karuhayi","population",11636
"Eastern Province","RWAMAGANA","Gahonogo","HH",963
"Eastern Province","RWAMAGANA","Gahonogo","population",3795
"Eastern Province","RWAMAGANA","Kavura","HH",1029
"Eastern Province","RWAMAGANA","Kavura","population",2694
"Eastern Province","RWAMAGANA","Kayenzi","HH",734
"Eastern Province","RWAMAGANA","Kayenzi","population",2476
"Eastern Province","RWAMAGANA","Kigega","HH",1283
"Eastern Province","RWAMAGANA","Kigega","population",3068
"Eastern Province","RWAMAGANA","Ramba","HH",727
"Eastern Province","RWAMAGANA","Ramba","population",4928
"Eastern Province","RWAMAGANA","Rusave","HH",1402
"Eastern Province","RWAMAGANA","Rusave","population",7890
"Eastern Province","RWAMAGANA","Umuganura","HH",886
"Eastern Province","RWAMAGANA","Umuganura","population",3588
"Eastern Province","RWAMAGANA","Bacyoro","HH",1111
"Eastern Province","RWAMAGANA","Bacyoro","population",6632
"Eastern Province","RWAMAGANA","Bugugu","HH",662
"Eastern Province","RWAMAGANA","Bugugu","population",2868
"Eastern Province","RWAMAGANA","Cyimpima","HH",533
"Eastern Province","RWAMAGANA","Cyimpima","population",3396
"Eastern Province","RWAMAGANA","Gasharu","HH",658
"Eastern Province","RWAMAGANA","Gasharu","population",1917
"Eastern Province","RWAMAGANA","Kamanga","HH",1795
"Eastern Province","RWAMAGANA","Kamanga","population",8217
"Eastern Province","RWAMAGANA","Miyange","HH",1087
"Eastern Province","RWAMAGANA","Miyange","population",4603
"Eastern Province","RWAMAGANA","Cyaruhogo","HH",699
"Eastern Province","RWAMAGANA","Cyaruhogo","population",1911
"Eastern Province","RWAMAGANA","Kiruhura","HH",816
"Eastern Province","RWAMAGANA","Kiruhura","population",2189
"Eastern Province","RWAMAGANA","Nyabishunzi","HH",546
"Eastern Province","RWAMAGANA","Nyabishunzi","population",2335
"Eastern Province","RWAMAGANA","Rugobagoba","HH",998
"Eastern Province","RWAMAGANA","Rugobagoba","population",2570
"Eastern Province","RWAMAGANA","Rushangara","HH",675
"Eastern Province","RWAMAGANA","Rushangara","population",4178
"Eastern Province","RWAMAGANA","Gatobotobo","HH",897
"Eastern Province","RWAMAGANA","Gatobotobo","population",4817
"Eastern Province","RWAMAGANA","Nyarukombe","HH",690
"Eastern Province","RWAMAGANA","Nyarukombe","population",3657
"Eastern Province","RWAMAGANA","Ubwiza","HH",896
"Eastern Province","RWAMAGANA","Ubwiza","population",2705
"Eastern Province","RWAMAGANA","Uwimanzi","HH",990
"Eastern Province","RWAMAGANA","Uwimanzi","population",4086
"Eastern Province","RWAMAGANA","Gahengeri","HH",1041
"Eastern Province","RWAMAGANA","Gahengeri","population",3219
"Eastern Province","RWAMAGANA","Kinunga","HH",599
"Eastern Province","RWAMAGANA","Kinunga","population",3878
"Eastern Province","RWAMAGANA","Ragwe","HH",846
"Eastern Province","RWAMAGANA","Ragwe","population",4667
"Eastern Province","RWAMAGANA","Kingondo","HH",734
"Eastern Province","RWAMAGANA","Kingondo","population",2716
"Eastern Province","RWAMAGANA","Nyarugarama","HH",60
"Eastern Province","RWAMAGANA","Nyarugarama","population",333
"Eastern Province","RWAMAGANA","Karwiru","HH",614
"Eastern Province","RWAMAGANA","Karwiru","population",3581
"Eastern Province","RWAMAGANA","Kabusunzu","HH",393
"Eastern Province","RWAMAGANA","Kabusunzu","population",2211
"Eastern Province","RWAMAGANA","Nyendo","HH",626
"Eastern Province","RWAMAGANA","Nyendo","population",1831
"Eastern Province","RWAMAGANA","Yabaranda","HH",407
"Eastern Province","RWAMAGANA","Yabaranda","population",2718
"Eastern Province","RWAMAGANA","Kibare","HH",871
"Eastern Province","RWAMAGANA","Kibare","population",5222
"Eastern Province","RWAMAGANA","Rubirizi","HH",857
"Eastern Province","RWAMAGANA","Rubirizi","population",5242
"Eastern Province","RWAMAGANA","Amagaju","HH",603
"Eastern Province","RWAMAGANA","Amagaju","population",1209
"Eastern Province","RWAMAGANA","Urugero","HH",514
"Eastern Province","RWAMAGANA","Urugero","population",1222
"Eastern Province","RWAMAGANA","Urugwiro","HH",782
"Eastern Province","RWAMAGANA","Urugwiro","population",3304
"Eastern Province","RWAMAGANA","Akatorero","HH",737
"Eastern Province","RWAMAGANA","Akatorero","population",4578
"Eastern Province","RWAMAGANA","Gahondo","HH",628
"Eastern Province","RWAMAGANA","Gahondo","population",4125
"Eastern Province","RWAMAGANA","Kanywiriri","HH",501
"Eastern Province","RWAMAGANA","Kanywiriri","population",1812
"Eastern Province","RWAMAGANA","Kidogo","HH",612
"Eastern Province","RWAMAGANA","Kidogo","population",3429
"Eastern Province","RWAMAGANA","Mpinga","HH",869
"Eastern Province","RWAMAGANA","Mpinga","population",6067
"Eastern Province","RWAMAGANA","Plage","HH",932
"Eastern Province","RWAMAGANA","Plage","population",2589
"Eastern Province","RWAMAGANA","Umubuga","HH",755
"Eastern Province","RWAMAGANA","Umubuga","population",4810
"Eastern Province","RWAMAGANA","Gishike","HH",1061
"Eastern Province","RWAMAGANA","Gishike","population",3526
"Eastern Province","RWAMAGANA","Kababero","HH",872
"Eastern Province","RWAMAGANA","Kababero","population",4180
"Eastern Province","RWAMAGANA","Kabare","HH",914
"Eastern Province","RWAMAGANA","Kabare","population",4513
"Eastern Province","RWAMAGANA","Kamamana","HH",983
"Eastern Province","RWAMAGANA","Kamamana","population",4952
"Eastern Province","RWAMAGANA","Kangabo","HH",691
"Eastern Province","RWAMAGANA","Kangabo","population",2709
"Eastern Province","RWAMAGANA","Kigabiro","HH",520
"Eastern Province","RWAMAGANA","Kigabiro","population",3204
"Eastern Province","RWAMAGANA","Rwakigara","HH",608
"Eastern Province","RWAMAGANA","Rwakigara","population",2143
"Eastern Province","RWAMAGANA","Rwimbogo","HH",541
"Eastern Province","RWAMAGANA","Rwimbogo","population",1198
"Eastern Province","RWAMAGANA","Kiryango","HH",758
"Eastern Province","RWAMAGANA","Kiryango","population",4679
"Eastern Province","RWAMAGANA","Rudashya","HH",1279
"Eastern Province","RWAMAGANA","Rudashya","population",5470
"Eastern Province","RWAMAGANA","Birayi","HH",1141
"Eastern Province","RWAMAGANA","Birayi","population",5437
"Eastern Province","RWAMAGANA","Kabingo","HH",874
"Eastern Province","RWAMAGANA","Kabingo","population",1927
"Eastern Province","RWAMAGANA","Kanyegera","HH",904
"Eastern Province","RWAMAGANA","Kanyegera","population",4785
"Eastern Province","RWAMAGANA","Mubuga","HH",816
"Eastern Province","RWAMAGANA","Mubuga","population",4132
"Eastern Province","RWAMAGANA","Cyinganzwa","HH",716
"Eastern Province","RWAMAGANA","Cyinganzwa","population",4743
"Eastern Province","RWAMAGANA","Kabazeyi","HH",569
"Eastern Province","RWAMAGANA","Kabazeyi","population",2870
"Eastern Province","RWAMAGANA","Rwisange","HH",892
"Eastern Province","RWAMAGANA","Rwisange","population",2601
"Eastern Province","RWAMAGANA","Irebero","HH",573
"Eastern Province","RWAMAGANA","Irebero","population",3292
"Eastern Province","RWAMAGANA","Isangano","HH",626
"Eastern Province","RWAMAGANA","Isangano","population",2373
"Eastern Province","RWAMAGANA","Umuhumuro","HH",371
"Eastern Province","RWAMAGANA","Umuhumuro","population",1198
"Eastern Province","RWAMAGANA","Urugwiza","HH",756
"Eastern Province","RWAMAGANA","Urugwiza","population",3508
"Eastern Province","RWAMAGANA","Akabuye","HH",458
"Eastern Province","RWAMAGANA","Akabuye","population",3048
"Eastern Province","RWAMAGANA","Rutembo","HH",361
"Eastern Province","RWAMAGANA","Rutembo","population",2152
"Eastern Province","RWAMAGANA","Rwagahigi","HH",405
"Eastern Province","RWAMAGANA","Rwagahigi","population",1439
"Eastern Province","RWAMAGANA","Rwamugurusu","HH",646
"Eastern Province","RWAMAGANA","Rwamugurusu","population",1729
"Eastern Province","RWAMAGANA","Umurinzi","HH",306
"Eastern Province","RWAMAGANA","Umurinzi","population",701
"Eastern Province","RWAMAGANA","Kabenda","HH",749
"Eastern Province","RWAMAGANA","Kabenda","population",2591
"Eastern Province","RWAMAGANA","Kagarama","HH",830
"Eastern Province","RWAMAGANA","Kagarama","population",4459
"Eastern Province","RWAMAGANA","Ndago","HH",556
"Eastern Province","RWAMAGANA","Ndago","population",2570
"Eastern Province","RWAMAGANA","Ntunga","HH",1111
"Eastern Province","RWAMAGANA","Ntunga","population",4902
"Eastern Province","RWAMAGANA","Bakannyi","HH",896
"Eastern Province","RWAMAGANA","Bakannyi","population",3189
"Eastern Province","RWAMAGANA","Karubisha","HH",1123
"Eastern Province","RWAMAGANA","Karubisha","population",6796
"Eastern Province","RWAMAGANA","Nyagahanga","HH",742
"Eastern Province","RWAMAGANA","Nyagahanga","population",2105
"Eastern Province","RWAMAGANA","Ryamirenge","HH",1024
"Eastern Province","RWAMAGANA","Ryamirenge","population",3740
"Eastern Province","RWAMAGANA","Babasha","HH",836
"Eastern Province","RWAMAGANA","Babasha","population",3343
"Eastern Province","RWAMAGANA","Buyanja","HH",800
"Eastern Province","RWAMAGANA","Buyanja","population",5559
"Eastern Province","RWAMAGANA","Kimara","HH",857
"Eastern Province","RWAMAGANA","Kimara","population",1761
"Eastern Province","RWAMAGANA","Mazinga","HH",626
"Eastern Province","RWAMAGANA","Mazinga","population",2090
"Eastern Province","RWAMAGANA","Nkindi","HH",700
"Eastern Province","RWAMAGANA","Nkindi","population",1774
"Eastern Province","RWAMAGANA","Akabare","HH",990
"Eastern Province","RWAMAGANA","Akabare","population",4751
"Eastern Province","RWAMAGANA","Binunga","HH",787
"Eastern Province","RWAMAGANA","Binunga","population",3635
"Eastern Province","RWAMAGANA","Budahigwa","HH",359
"Eastern Province","RWAMAGANA","Budahigwa","population",1626
"Eastern Province","RWAMAGANA","Duha","HH",548
"Eastern Province","RWAMAGANA","Duha","population",2235
"Eastern Province","RWAMAGANA","Gashikiri","HH",709
"Eastern Province","RWAMAGANA","Gashikiri","population",2003
"Eastern Province","RWAMAGANA","Rugabano","HH",635
"Eastern Province","RWAMAGANA","Rugabano","population",3995
"Eastern Province","RWAMAGANA","Rukombe","HH",928
"Eastern Province","RWAMAGANA","Rukombe","population",4159
"Eastern Province","RWAMAGANA","Nyantoki","HH",1484
"Eastern Province","RWAMAGANA","Nyantoki","population",5211
"Eastern Province","RWAMAGANA","Rwabiyange","HH",956
"Eastern Province","RWAMAGANA","Rwabiyange","population",4918
"Eastern Province","RWAMAGANA","Muhogoto","HH",651
"Eastern Province","RWAMAGANA","Muhogoto","population",2909
"Eastern Province","RWAMAGANA","Nyamigano","HH",563
"Eastern Province","RWAMAGANA","Nyamigano","population",2550
"Eastern Province","RWAMAGANA","Gatika","HH",1458
"Eastern Province","RWAMAGANA","Gatika","population",4233
"Eastern Province","RWAMAGANA","Kadasumbwa","HH",1270
"Eastern Province","RWAMAGANA","Kadasumbwa","population",4189
"Eastern Province","RWAMAGANA","Karifuru","HH",881
"Eastern Province","RWAMAGANA","Karifuru","population",3688
"Eastern Province","RWAMAGANA","Nyakiriba","HH",1138
"Eastern Province","RWAMAGANA","Nyakiriba","population",5201
"Eastern Province","RWAMAGANA","Agashuhe","HH",408
"Eastern Province","RWAMAGANA","Agashuhe","population",1711
"Eastern Province","RWAMAGANA","Nyabisindu","HH",690
"Eastern Province","RWAMAGANA","Nyabisindu","population",1475
"Eastern Province","RWAMAGANA","Rujumbura","HH",674
"Eastern Province","RWAMAGANA","Rujumbura","population",4515
"Eastern Province","RWAMAGANA","Rwamivu","HH",617
"Eastern Province","RWAMAGANA","Rwamivu","population",1469
"Eastern Province","RWAMAGANA","Bitsibo","HH",1284
"Eastern Province","RWAMAGANA","Bitsibo","population",3910
"Eastern Province","RWAMAGANA","Rutoma","HH",861
"Eastern Province","RWAMAGANA","Rutoma","population",2633
"Eastern Province","RWAMAGANA","Akubugingo","HH",1307
"Eastern Province","RWAMAGANA","Akubugingo","population",5310
"Eastern Province","RWAMAGANA","Kampigika","HH",1189
"Eastern Province","RWAMAGANA","Kampigika","population",4975
"Eastern Province","RWAMAGANA","Ryabaheshwa","HH",1138
"Eastern Province","RWAMAGANA","Ryabaheshwa","population",6994
"Eastern Province","RWAMAGANA","Gishaka","HH",476
"Eastern Province","RWAMAGANA","Gishaka","population",2755
"Eastern Province","RWAMAGANA","Kagona","HH",453
"Eastern Province","RWAMAGANA","Kagona","population",2291
"Eastern Province","RWAMAGANA","Karama","HH",766
"Eastern Province","RWAMAGANA","Karama","population",1749
"Eastern Province","RWAMAGANA","Rubaza","HH",776
"Eastern Province","RWAMAGANA","Rubaza","population",2709
"Eastern Province","RWAMAGANA","Yeruzalemu","HH",761
"Eastern Province","RWAMAGANA","Yeruzalemu","population",5203
"Eastern Province","RWAMAGANA","Bitega","HH",964
"Eastern Province","RWAMAGANA","Bitega","population",5944
"Eastern Province","RWAMAGANA","Kajororo","HH",1213
"Eastern Province","RWAMAGANA","Kajororo","population",3931
"Eastern Province","RWAMAGANA","Kayigi","HH",811
"Eastern Province","RWAMAGANA","Kayigi","population",4063
"Eastern Province","RWAMAGANA","Miyove","HH",983
"Eastern Province","RWAMAGANA","Miyove","population",2161
"Eastern Province","RWAMAGANA","Murehe","HH",1160
"Eastern Province","RWAMAGANA","Murehe","population",7894
"Eastern Province","RWAMAGANA","Gakomeye","HH",447
"Eastern Province","RWAMAGANA","Gakomeye","population",1388
"Eastern Province","RWAMAGANA","Gasave","HH",859
"Eastern Province","RWAMAGANA","Gasave","population",4114
"Eastern Province","RWAMAGANA","Gisenyi","HH",775
"Eastern Province","RWAMAGANA","Gisenyi","population",4818
"Eastern Province","RWAMAGANA","Kabagabo","HH",850
"Eastern Province","RWAMAGANA","Kabagabo","population",5739
"Eastern Province","RWAMAGANA","Kanyinya","HH",983
"Eastern Province","RWAMAGANA","Kanyinya","population",5639
"Eastern Province","RWAMAGANA","Nyarubambo","HH",517
"Eastern Province","RWAMAGANA","Nyarubambo","population",1669
"Eastern Province","RWAMAGANA","Samuramba","HH",1479
"Eastern Province","RWAMAGANA","Samuramba","population",5212
"Eastern Province","RWAMAGANA","Gatuza","HH",1390
"Eastern Province","RWAMAGANA","Gatuza","population",9330
"Eastern Province","RWAMAGANA","Gitaraga","HH",601
"Eastern Province","RWAMAGANA","Gitaraga","population",2821
"Eastern Province","RWAMAGANA","Gituza","HH",1176
"Eastern Province","RWAMAGANA","Gituza","population",5215
"Eastern Province","RWAMAGANA","Marembo","HH",800
"Eastern Province","RWAMAGANA","Marembo","population",4752
"Eastern Province","RWAMAGANA","Mugogo","HH",507
"Eastern Province","RWAMAGANA","Mugogo","population",3203
"Eastern Province","RWAMAGANA","Mumena","HH",908
"Eastern Province","RWAMAGANA","Mumena","population",3133
"Eastern Province","RWAMAGANA","Rubona","HH",1299
"Eastern Province","RWAMAGANA","Rubona","population",3564
"Eastern Province","RWAMAGANA","Bicumbi","HH",1081
"Eastern Province","RWAMAGANA","Bicumbi","population",3928
"Eastern Province","RWAMAGANA","Manene","HH",689
"Eastern Province","RWAMAGANA","Manene","population",2745
"Eastern Province","RWAMAGANA","Nyagihanga","HH",967
"Eastern Province","RWAMAGANA","Nyagihanga","population",5354
"Eastern Province","RWAMAGANA","Sabusaro","HH",1162
"Eastern Province","RWAMAGANA","Sabusaro","population",6991
"Eastern Province","RWAMAGANA","Byange","HH",1073
"Eastern Province","RWAMAGANA","Byange","population",6669
"Eastern Province","RWAMAGANA","Kabahima","HH",1500
"Eastern Province","RWAMAGANA","Kabahima","population",7894
"Eastern Province","RWAMAGANA","Kangaruye","HH",1209
"Eastern Province","RWAMAGANA","Kangaruye","population",8141
"Eastern Province","RWAMAGANA","Rubiha","HH",1318
"Eastern Province","RWAMAGANA","Rubiha","population",6365
"Eastern Province","RWAMAGANA","Ruseke","HH",702
"Eastern Province","RWAMAGANA","Ruseke","population",3514
"Eastern Province","RWAMAGANA","Cyome","HH",815
"Eastern Province","RWAMAGANA","Cyome","population",1820
"Eastern Province","RWAMAGANA","Gisanza","HH",700
"Eastern Province","RWAMAGANA","Gisanza","population",4848
"Eastern Province","RWAMAGANA","Munini I","HH",525
"Eastern Province","RWAMAGANA","Munini I","population",2727
"Eastern Province","RWAMAGANA","Munini Ii","HH",683
"Eastern Province","RWAMAGANA","Munini Ii","population",4515
"Eastern Province","RWAMAGANA","Cyimbazi","HH",799
"Eastern Province","RWAMAGANA","Cyimbazi","population",2791
"Eastern Province","RWAMAGANA","Kabacuzi","HH",1067
"Eastern Province","RWAMAGANA","Kabacuzi","population",6096
"Eastern Province","RWAMAGANA","Karuzingura","HH",2271
"Eastern Province","RWAMAGANA","Karuzingura","population",5302
"Eastern Province","RWAMAGANA","Nkira","HH",555
"Eastern Province","RWAMAGANA","Nkira","population",2828
"Eastern Province","RWAMAGANA","Bihembe","HH",633
"Eastern Province","RWAMAGANA","Bihembe","population",1413
"Eastern Province","RWAMAGANA","Busimbuzi","HH",1140
"Eastern Province","RWAMAGANA","Busimbuzi","population",4672
"Eastern Province","RWAMAGANA","Butare","HH",620
"Eastern Province","RWAMAGANA","Butare","population",3417
"Eastern Province","RWAMAGANA","Kabere","HH",366
"Eastern Province","RWAMAGANA","Kabere","population",738
"Eastern Province","RWAMAGANA","Mubumbwe","HH",451
"Eastern Province","RWAMAGANA","Mubumbwe","population",2895
"Eastern Province","RWAMAGANA","Ngarama","HH",493
"Eastern Province","RWAMAGANA","Ngarama","population",2390
"Eastern Province","RWAMAGANA","Rusheshe","HH",1092
"Eastern Province","RWAMAGANA","Rusheshe","population",3561
"Eastern Province","RWAMAGANA","Karogo","HH",606
"Eastern Province","RWAMAGANA","Karogo","population",3516
"Eastern Province","RWAMAGANA","Kigina","HH",406
"Eastern Province","RWAMAGANA","Kigina","population",2832
"Eastern Province","RWAMAGANA","Samuduha","HH",986
"Eastern Province","RWAMAGANA","Samuduha","population",4795
"Eastern Province","RWAMAGANA","Gishore","HH",2402
"Eastern Province","RWAMAGANA","Gishore","population",15136
"Eastern Province","RWAMAGANA","Matyazo","HH",924
"Eastern Province","RWAMAGANA","Matyazo","population",2283
"Eastern Province","RWAMAGANA","Nyirabuhene","HH",483
"Eastern Province","RWAMAGANA","Nyirabuhene","population",3197
"Eastern Province","RWAMAGANA","Rugende","HH",1086
"Eastern Province","RWAMAGANA","Rugende","population",4340
"Eastern Province","RWAMAGANA","Ruhanika","HH",464
"Eastern Province","RWAMAGANA","Ruhanika","population",1469
"Eastern Province","RWAMAGANA","Rusagara","HH",905
"Eastern Province","RWAMAGANA","Rusagara","population",2016
"Eastern Province","RWAMAGANA","Rususa","HH",1396
"Eastern Province","RWAMAGANA","Rususa","population",6898
"Eastern Province","RWAMAGANA","Akamasatura","HH",534
"Eastern Province","RWAMAGANA","Akamasatura","population",2714
"Eastern Province","RWAMAGANA","Nyarurembo","HH",635
"Eastern Province","RWAMAGANA","Nyarurembo","population",2666
"Eastern Province","RWAMAGANA","Nyarutovu","HH",877
"Eastern Province","RWAMAGANA","Nyarutovu","population",2638
"Eastern Province","RWAMAGANA","Nyiramitemeri","HH",789
"Eastern Province","RWAMAGANA","Nyiramitemeri","population",3940
"Eastern Province","RWAMAGANA","Rwamibungo","HH",460
"Eastern Province","RWAMAGANA","Rwamibungo","population",3060
"Eastern Province","RWAMAGANA","Rwankacari","HH",371
"Eastern Province","RWAMAGANA","Rwankacari","population",1367
"Eastern Province","RWAMAGANA","Cyaruhinda","HH",336
"Eastern Province","RWAMAGANA","Cyaruhinda","population",1421
"Eastern Province","RWAMAGANA","Kamashaza","HH",658
"Eastern Province","RWAMAGANA","Kamashaza","population",2037
"Eastern Province","RWAMAGANA","Kasemanyana","HH",503
"Eastern Province","RWAMAGANA","Kasemanyana","population",1790
"Eastern Province","RWAMAGANA","Kimicanga","HH",774
"Eastern Province","RWAMAGANA","Kimicanga","population",2938
"Eastern Province","RWAMAGANA","Nduba","HH",317
"Eastern Province","RWAMAGANA","Nduba","population",1851
"Eastern Province","RWAMAGANA","Nduhuye","HH",424
"Eastern Province","RWAMAGANA","Nduhuye","population",1313
"Eastern Province","RWAMAGANA","Ryarurindo","HH",552
"Eastern Province","RWAMAGANA","Ryarurindo","population",1496
"Eastern Province","RWAMAGANA","Akanzige","HH",541
"Eastern Province","RWAMAGANA","Akanzige","population",2791
"Eastern Province","RWAMAGANA","Akanzu","HH",775
"Eastern Province","RWAMAGANA","Akanzu","population",3196
"Eastern Province","RWAMAGANA","Gikoni","HH",765
"Eastern Province","RWAMAGANA","Gikoni","population",3527
"Eastern Province","RWAMAGANA","Gitanu","HH",483
"Eastern Province","RWAMAGANA","Gitanu","population",2572
"Eastern Province","RWAMAGANA","Nyarugenge","HH",859
"Eastern Province","RWAMAGANA","Nyarugenge","population",4376
"Eastern Province","RWAMAGANA","Kamabuye","HH",355
"Eastern Province","RWAMAGANA","Kamabuye","population",2442
"Eastern Province","RWAMAGANA","Karukannyi","HH",538
"Eastern Province","RWAMAGANA","Karukannyi","population",1415
"Eastern Province","RWAMAGANA","Mikoni","HH",618
"Eastern Province","RWAMAGANA","Mikoni","population",3948
"Eastern Province","RWAMAGANA","Rugunga","HH",741
"Eastern Province","RWAMAGANA","Rugunga","population",4695
"Eastern Province","RWAMAGANA","Gatoki","HH",605
"Eastern Province","RWAMAGANA","Gatoki","population",1297
"Eastern Province","RWAMAGANA","Kamakuka","HH",518
"Eastern Province","RWAMAGANA","Kamakuka","population",1460
"Eastern Province","RWAMAGANA","Kibabara","HH",466
"Eastern Province","RWAMAGANA","Kibabara","population",1409
"Eastern Province","RWAMAGANA","Nyarusange","HH",520
"Eastern Province","RWAMAGANA","Nyarusange","population",3149
"Eastern Province","RWAMAGANA","Bicaca","HH",504
"Eastern Province","RWAMAGANA","Bicaca","population",3179
"Eastern Province","RWAMAGANA","Kayibanda","HH",1107
"Eastern Province","RWAMAGANA","Kayibanda","population",4767
"Eastern Province","RWAMAGANA","Nyabugogo","HH",604
"Eastern Province","RWAMAGANA","Nyabugogo","population",1256
"Eastern Province","RWAMAGANA","Rwagatsama","HH",529
"Eastern Province","RWAMAGANA","Rwagatsama","population",2793
"Eastern Province","RWAMAGANA","Bidudu","HH",485
"Eastern Province","RWAMAGANA","Bidudu","population",2551
"Eastern Province","RWAMAGANA","Gitwa","HH",488
"Eastern Province","RWAMAGANA","Gitwa","population",2206
"Eastern Province","RWAMAGANA","Kabayange I","HH",691
"Eastern Province","RWAMAGANA","Kabayange I","population",3958
"Eastern Province","RWAMAGANA","Kabayange Ii","HH",676
"Eastern Province","RWAMAGANA","Kabayange Ii","population",2674
"Eastern Province","RWAMAGANA","Mumahoro","HH",628
"Eastern Province","RWAMAGANA","Mumahoro","population",1668
"Eastern Province","RWAMAGANA","Umumeyu","HH",494
"Eastern Province","RWAMAGANA","Umumeyu","population",1159
"Eastern Province","RWAMAGANA","Uwadesa","HH",551
"Eastern Province","RWAMAGANA","Uwadesa","population",3556
"Eastern Province","RWAMAGANA","Kiboha","HH",428
"Eastern Province","RWAMAGANA","Kiboha","population",2264
"Eastern Province","RWAMAGANA","Midahandwa","HH",1182
"Eastern Province","RWAMAGANA","Midahandwa","population",4592
"Eastern Province","RWAMAGANA","Mitari","HH",483
"Eastern Province","RWAMAGANA","Mitari","population",2931
"Eastern Province","RWAMAGANA","Nyagatare","HH",840
"Eastern Province","RWAMAGANA","Nyagatare","population",2585
"Eastern Province","RWAMAGANA","Rusenyi","HH",915
"Eastern Province","RWAMAGANA","Rusenyi","population",5461
"Eastern Province","RWAMAGANA","Umurehe","HH",939
"Eastern Province","RWAMAGANA","Umurehe","population",2812
"Eastern Province","RWAMAGANA","Cyamuyango","HH",656
"Eastern Province","RWAMAGANA","Cyamuyango","population",3660
"Eastern Province","RWAMAGANA","Rubumba","HH",480
"Eastern Province","RWAMAGANA","Rubumba","population",2693
"Eastern Province","RWAMAGANA","Rutare","HH",789
"Eastern Province","RWAMAGANA","Rutare","population",1703
"Eastern Province","RWAMAGANA","Bigaga","HH",517
"Eastern Province","RWAMAGANA","Bigaga","population",1053
"Eastern Province","RWAMAGANA","Byobo","HH",794
"Eastern Province","RWAMAGANA","Byobo","population",4312
"Eastern Province","RWAMAGANA","Karambi","HH",1290
"Eastern Province","RWAMAGANA","Karambi","population",5942
"Eastern Province","RWAMAGANA","Amarimba","HH",587
"Eastern Province","RWAMAGANA","Amarimba","population",1432
"Eastern Province","RWAMAGANA","Bitare","HH",582
"Eastern Province","RWAMAGANA","Bitare","population",3760
"Eastern Province","RWAMAGANA","Rusanza","HH",576
"Eastern Province","RWAMAGANA","Rusanza","population",3535
"Eastern Province","RWAMAGANA","Gaseke","HH",1087
"Eastern Province","RWAMAGANA","Gaseke","population",3971
